Id,Salutation,FirstName,LastName,Title,Email,Phone,Fax,HomePhone,MobilePhone,Birthdate,Department,AssistantName,AssistantPhone,MailingStreet,MailingCity,MailingState,MailingPostalCode,MailingCountry
0036g000006lkqJAAQ,Mr.,Robert,Fontana,CEO,contact+robertfontana@sdo.mygbiz.com,(226) 555-0100,(226) 555-0199,(226) 936-3140,(226) 555-0188,7/22/70,C-Level,(226) 555-0150,,16909 SE Alder St,Multnomah,OR,97233,US
0036g000006lkqLAAQ,Mr.,David,Harris,Director of Business Development,contact+davidharris@sdo.mygbiz.com,(692) 555-0100,(692) 555-0199,(692) 854-2073,(692) 555-0188,2/3/64,Business Development,(692) 555-0150,,309 8th Ave,Santa Cruz,CA,95062,US
0036g000006lkqMAAQ,Mr.,Larry,Kuchenreuther,Sales Exec,contact+larrykuchenreuther@sdo.mygbiz.com,(446) 555-0100,(446) 555-0199,(446) 310-9854,(446) 555-0188,6/3/87,Sales,(446) 555-0150,,1963 Border Ave,Los Angeles,CA,90501,US
0036g000006lkqRAAQ,Mrs.,Judy,Odom,Sales Exec,contact+judy@sdo.mygbiz.com,(689) 555-0100,(689) 555-0199,(689) 770-1060,(689) 555-0188,7/1/52,Sales,(689) 555-0150,,1984 Gufford Dr,New Hanover,NC,28403,US
0036g000006lkqSAAQ,,Jan,Perkins,CFO,contact+janperkins@sdo.mygbiz.com,(767) 555-0100,(767) 555-0199,,(767) 555-0188,5/12/28,,(767) 555-0150,,,,,,
0036g000006lkqTAAQ,Ms.,Rose,Gonzalez,SVP Marketing,contact+rosegonzalez@sdo.mygbiz.com,(776) 555-0100,(776) 555-0199,(776) 672-9389,(776) 555-0188,11/16/67,Marketing,(776) 555-0150,,4191 Tamarus St,Clark,NV,89119,US
0036g000006lkqUAAQ,Mr.,Kyle,Pearson,VP IT,contact+kylepearson@sdo.mygbiz.com,(903) 555-0100,(903) 555-0199,(903) 534-1468,(903) 555-0188,11/3/38,IT,(903) 555-0150,,310 Henry St,New York,NY,10002,US
0036g000006lkqVAAQ,Ms.,Allison,Yates,Owner,ayates@mycompany.com,(239) 555-0100,(239) 555-0199,(239) 624-0010,(239) 555-0188,4/9/50,C-Level,(239) 555-0150,,2485 Pershing Dr,San Diego,CA,92101,US
0036g000006lkqWAAQ,Mr.,Chris,Templey,EVP Business Development,contact+christempley@sdo.mygbiz.com,(874) 555-0100,(874) 555-0199,(874) 966-0932,(874) 555-0188,10/23/68,Business Development,(874) 555-0150,,26 Boot Rd,Delaware,PA,19073,US
0036g000006lkqXAAQ,,David,Homme,Product Marketing Manager,contact+davidhomme@sdo.mygbiz.com,(759) 555-0100,(759) 555-0199,,(759) 555-0188,8/28/70,,(759) 555-0150,,,,,,
0036g000006lkqYAAQ,Mr.,Thomas,Green,CFO,contact+thomasgreen@sdo.mygbiz.com,(639) 555-0100,(639) 555-0199,(639) 840-9818,(639) 555-0188,2/13/76,C-Level,(639) 555-0150,,3418 Poplar Ave,Shelby,TN,38111,US
0036g000006lkqZAAQ,Mr.,Ron,Reid,VP Consulting,contact+ronreid@sdo.mygbiz.com,(935) 555-0100,(935) 555-0199,(935) 358-9043,(935) 555-0188,1/8/48,Consulting,(935) 555-0150,,3262 47th St,San Diego,CA,92105,US
0036g000006lkqaAAA,Mr.,Peter,Foss,SVP Administration and Finance,contact+peterfoss@sdo.mygbiz.com,(453) 555-0100,(453) 555-0199,(453) 380-7332,(453) 555-0188,12/5/52,Finance,(453) 555-0150,,16909 SE Alder St,Multnomah,OR,97233,US
0036g000006lkqbAAA,,Bradley,Harmon,EVP Business Development,contact+bharmon@sdo.mygbiz.com,(261) 555-0100,(261) 555-0199,,(261) 555-0188,1/30/39,,(261) 555-0150,,,Sedgwick,,,US
0036g000006lkqcAAA,,Mike,Malmin,EVP Business Development,contact+malmin@sdo.mygbiz.com,(317) 555-0100,(317) 555-0199,,(317) 555-0188,2/7/39,,(317) 555-0150,,,Sedgwick,,,US
0036g000006lkqdAAA,,Bonnie,Barra,EVP Business Development,contact+bonniebarra@sdo.mygbiz.com,(261) 555-0100,(261) 555-0199,,(261) 555-0188,2/4/35,,(261) 555-0150,,,,,,
0036g000006lkqeAAA,,Steve,Sutherland,EVP Business Development,contact+sutherland@sdo.mygbiz.com,(608) 555-0100,(608) 555-0199,,(608) 555-0188,2/13/39,,(608) 555-0150,,,Sedgwick,,,US
0036g000006lkqfAAA,,Sandy,Jones,EVP Business Development,contact+sjones@sdo.mygbiz.com,(261) 555-0100,(261) 555-0199,,(261) 555-0188,1/31/39,,(261) 555-0150,,,Sedgwick,,,US
0036g000006lkqgAAA,,Bob,Warkentine,EVP Business Development,contact+warkentine@sdo.mygbiz.com,(646) 555-0100,(646) 555-0199,,(646) 555-0188,2/12/39,,(646) 555-0150,,,Sedgwick,,,US
0036g000006lkqhAAA,Mr.,Portal,Preview User,EVP Business Development,contact+portalpreviewuser@sdo.mygbiz.com,(656) 555-0100,(656) 555-0199,(656) 541-6935,(656) 555-0188,3/7/31,Business Development,(656) 555-0150,,3544 Wedo St,Clark,NV,89031,US
0036g000006lkqiAAA,,Brad,Anastasio,,contact+banastasio@sdo.mygbiz.com,,,,,2/19/39,,(818) 555-0150,,,Sedgwick,,,United States
0036g000006lkqjAAA,Ms.,Tammy,Reseller,Account Executive,contact+tammyreseller@sdo.mygbiz.com,(573) 555-0100,(573) 555-0199,(573) 422-3153,(573) 555-0188,4/20/36,Sales,(573) 555-0150,,4191 Tamarus St,Clark,NV,89119,US
0036g000006lkpxAAA,Ms.,Sandy,Knudson,Sales Exec,contact+sandyknudson@sdo.mygbiz.com,(624) 555-0100,(624) 555-0199,(624) 865-7797,(624) 555-0188,3/15/79,Sales,(624) 555-0150,,17753 Gothard St,Orange,CA,92647,US
0036g000006lkpEAAQ,Ms.,Kathy,Fitzpatrick,Director-Human Resources,contact+kathyfitzpatrick@sdo.mygbiz.com,(231) 555-0100,(231) 555-0199,(231) 277-8689,(231) 555-0188,11/23/31,HR,(231) 555-0150,,178 San Jose Ave,Santa Clara,CA,95125,US
0036g000006lkpFAAQ,Mr.,Keith,Lopez,Marketing Manager,contact+keithlopez@sdo.mygbiz.com,(528) 555-0100,(528) 555-0199,(528) 389-6767,(528) 555-0188,9/26/46,Marketing,(528) 555-0150,,178 San Jose Ave,Santa Clara,CA,95125,US
0036g000006lkpGAAQ,,Larry,Baxter,,,(310) 555-0100,(310) 555-0100,,,,,,,,,,,
0036g000006lkpHAAQ,,Wes,Chopra,Manager Information Technology,wes.chopra@greendotmedia.com,(847) 402-1753,,,(310) 555-0191,4/18/45,,(818) 555-0149,,,Sedgwick,,,US
0036g000006lkpJAAQ,Ms.,Lisa,Jones,VP Operations,contact+lisajones@sdo.mygbiz.com,(904) 555-0100,(904) 555-0199,(904) 300-7149,(904) 555-0188,6/28/57,Operations,(904) 555-0150,,47 S Galapago St,Denver,CO,80223,US
0036g000006lkpKAAQ,Mr.,Jeff,Blay,VP Sales,contact+jeffblay@sdo.mygbiz.com,(487) 555-0100,(487) 555-0199,(487) 756-1793,(487) 555-0188,9/6/29,Sales,(487) 555-0150,,1678 50th Ave,Alameda,CA,94601,US
0036g000006lkpLAAQ,Ms.,Susan,Johanson,VP of Operations,contact+susanjohanson@sdo.mygbiz.com,(390) 555-0100,(390) 555-0199,(390) 677-7847,(390) 555-0188,4/3/40,Operations,(390) 555-0150,,2485 Pershing Dr,San Diego,CA,92101,US
0036g000006lkpMAAQ,Mr.,Bill,Blau,VP IT,contact+billblau@sdo.mygbiz.com,(867) 555-0100,(867) 555-0199,(867) 321-5509,(867) 555-0188,4/17/45,IT,(867) 555-0150,,62 Chatham Pl,San Francisco,CA,94108,US
0036g000006lkpNAAQ,Mr.,Tom,Davis,EVP Business Development,contact+tomdavis@sdo.mygbiz.com,(643) 555-0100,(643) 555-0199,(643) 788-2366,(643) 555-0188,9/27/46,Business Development,(643) 555-0150,,309 8th Ave,Santa Cruz,CA,95062,US
0036g000006lkpOAAQ,Mr.,Ryan,Giggs,VP Consulting,contact+ryangiggs@sdo.mygbiz.com,(266) 555-0100,(266) 555-0199,(266) 353-8304,(266) 555-0188,8/25/70,Consulting,(266) 555-0150,,405 S Stricker St,Baltimore (city),MD,21223,US
0036g000006lkpPAAQ,Mrs.,Sarah,Jeffries,SVP Marketing,contact+sarahjeffries@sdo.mygbiz.com,(296) 555-0100,(296) 555-0199,(296) 276-9024,(296) 555-0188,6/11/75,Marketing,(296) 555-0150,,5815 Fairview Pl N,King,WA,98109,US
0036g000006lkpQAAQ,Mrs.,Rachel,Morris,SVP Marketing,rachelmorris@mycompany.org,(611) 555-0100,(611) 555-0199,(611) 591-6298,(611) 555-0188,8/25/59,Marketing,(611) 555-0150,,4090 Utah St,San Diego,CA,92104,US
0036g000006lkpRAAQ,Ms.,Andrea,Bowden,,abowden@example.com,(655) 555-0197,(655) 555-0182,(210) 314-8360,(655) 555-0144,3/10/56,Operations,(818) 555-0150,,1525 Park Pl,Kings,New York,11213,United States
0036g000006lkpSAAQ,Mr.,Derek,Rose,EVP Business Development,contact+derekrose@sdo.mygbiz.com,(575) 555-0100,(575) 555-0199,(575) 289-1239,(575) 555-0188,5/17/78,Business Development,(575) 555-0150,,6805 15th Ave NW,King,WA,98117,US
0036g000006lkpWAAQ,Ms.,Brenda,Mcclure,CFO,contact+brendamcclure@sdo.mygbiz.com,(415) 555-0100,(415) 555-0199,(415) 671-2897,(415) 555-0188,1/3/40,C-Level,(415) 555-0150,,3418 Poplar Ave,Shelby,TN,38111,US
0036g000006lkp0AAA,,Lauren,Boyle*,"SVP, Technology",lauren.boyle@mailinator.com,(276) 555-0197,(276) 555-0182,(528) 490-8868,(276) 555-0144,7/15/67,,,(415) 555-0150,2725 Quarry Rd,Montgomery,Pennsylvania,19009,United States
0036g000006lkp1AAA,Mr.,Tom,Reseller,Account Executive,contact+treseller@sdo.mygbiz.com,(344) 555-0197,(344) 555-0182,(721) 779-3639,(344) 555-0144,12/20/63,Sales,(415) 555-0150,,6069 NE 49th Ave,Multnomah,Oregon,97218,United States
0036g000006lkp2AAA,Mr.,Bobby,Hodges,President and CEO,contact+bhodges@sdo.mygbiz.com,(422) 555-0100,(422) 555-0199,(422) 578-5922,(422) 555-0188,8/11/59,C-Level,(422) 555-0150,,2725 Quarry Rd,Montgomery,PA,19009,US
0036g000006lkp3AAA,Mr.,Ed,Flachbarth,Administrative Assistant,contact+edflachbarth@sdo.mygbiz.com,(475) 555-0100,(475) 555-0199,(475) 961-6615,(475) 555-0188,12/19/44,Operations,(475) 555-0150,,178 San Jose Ave,Santa Clara,CA,95125,US
0036g000006lkp4AAA,Mr.,James,Davie*,VP of Sales,jd@mailinator.com,(274) 555-0197,(274) 555-0182,(475) 416-6352,,8/27/26,Operations,(770) 555-0150,,2725 Quarry Rd,Montgomery,Pennsylvania,19009,United States
0036g000006lkp6AAA,Mr.,Mark,Kingston*,Project Manager,mk@mailinator.com,(769) 555-0197,(769) 555-0182,(783) 383-8412,,8/28/76,Marketing,(415) 555-0150,,2725 Quarry Rd,Montgomery,Pennsylvania,19009,United States
0036g000006lkp7AAA,Mr.,Sean,Forbes,CFO,contact+seanforbes@sdo.mygbiz.com,(237) 555-0100,(237) 555-0199,(237) 396-4506,(237) 555-0188,8/20/78,C-Level,(237) 555-0150,,4191 Tamarus St,Clark,NV,89119,US
0036g000006lkp8AAA,Mr.,Al,Miller,Purchasing,almiller@sdo.mygbiz.com,(879) 555-0100,(879) 555-0199,(879) 396-0181,(879) 555-0188,9/5/66,Operations,(879) 555-0150,,178 San Jose Ave,Santa Clara,CA,95125,US
0036g000006lkp9AAA,,Steve,Ideas,VP Operations,si@mailinator.com,(674) 555-0197,(674) 555-0182,,(674) 555-0144,7/21/78,,(674) 555-0150,,,,,,
0036g000006lkpAAAQ,Mr.,Mark,Metz,Chief Executive Officer,markmetz@mailinator.com,(747) 555-0100,(747) 555-0199,(747) 784-1873,(747) 555-0188,6/26/76,C-Level,(747) 555-0150,,178 San Jose Ave,Santa Clara,California,95125,United States
0036g000006lkpCAAQ,Mr.,Steve,Mcdonald,Chief Information Officer,contact+stevemcdonald@sdo.mygbiz.com,(631) 555-0100,(631) 555-0199,(631) 570-1324,(631) 555-0188,12/10/52,C-Level,(631) 555-0150,,178 San Jose Ave,Santa Clara,CA,95125,US
0036g000006lkpDAAQ,Mr.,Sean,Murphy,SVP Marketing,contact+seanmurphy@sdo.mygbiz.com,(576) 555-0100,(576) 555-0199,(576) 275-7558,(576) 555-0188,5/13/46,Marketing,(576) 555-0150,,178 San Jose Ave,Santa Clara,CA,95125,US
0036g000006lkpbAAA,Mr.,Ron,Adkins,President Sales Exec Finance Exec,contact+ronadkins@sdo.mygbiz.com,(258) 555-0100,(258) 555-0199,(258) 277-2428,(258) 555-0188,1/27/39,C-Level,(258) 555-0150,,899 N Broadview Ave,Sedgwick,KS,67208,US
0036g000006lkpjAAA,Mr.,Ed,Hennessy,Owner,contact+edhennessy@sdo.mygbiz.com,(699) 555-0100,(699) 555-0199,(699) 376-4729,(699) 555-0188,8/27/70,C-Level,(699) 555-0150,,2056 Laurel Ave,Jefferson,TX,77701,US
0036g000006lkpoAAA,Ms.,Erin,Walsh,EVP Business Development,contact+erinwalsh@sdo.mygbiz.com,(925) 555-0100,(925) 555-0199,(925) 777-1617,(925) 555-0188,5/11/28,Business Development,(925) 555-0150,,5628 SE Alder St,Multnomah,OR,97215,US
0036g000006lkpqAAA,,Barry,Bronze,,bbronze@mailinator.com,(319) 555-0197,(319) 555-0182,,,2/17/39,,(261) 555-0150,,,Sedgwick,,,United States
0036g00002eFaXdAAK,Mr.,Sean,Forbes,CFO,contact+seanforbes@sdo.mygbiz.com,(237) 555-0100,(237) 555-0199,(237) 396-4506,(237) 555-0188,8/20/78,C-Level,,,4191 Tamarus St,Clark,NV,89119,United States
0036g00002eFaXgAAK,Mr.,Mark,Metz,Chief Executive Officer,markmetz@mailinator.com,(747) 555-0100,(747) 555-0199,(747) 784-1873,(747) 555-0188,6/26/76,C-Level,,,178 San Jose Ave,Santa Clara,California,95125,United States
0036g00002eFaYbAAK,Dr.,Jeannie,Rogers,VP Facilities,contact+jeannierogers@sdo.mygbiz.com,(875) 555-0100,(875) 555-0199,(875) 349-0430,(875) 555-0188,1/18/79,Operations,,,4191 Tamarus St,Clark,NV,89119,United States
0036g00002eFaYcAAK,,Hollie,Everhart,SVP Marketing,contact+hollieeverhart@sdo.mygbiz.com,(579) 555-0100,(579) 555-0199,,(579) 555-0188,8/14/59,,,,,,,,United States
0036g00002eFaYjAAK,,Troy,Bullock,EVP Business Development,contact+bullock@sdo.mygbiz.com,(704) 555-0100,(704) 555-0199,,(704) 555-0188,2/6/39,,,,,Sedgwick,,,United States
0036g00002eFaYkAAK,Mr.,William,Martin,Operations Manager,contact+billmartin@sdo.mygbiz.com,(673) 555-0100,(673) 555-0199,(673) 289-3104,(673) 555-0188,8/2/26,Operations,,,310 Henry St,New York,NY,10002,United States
0036g00002eFaYrAAK,Mr.,Larry,Kuchenreuther,Sales Exec,contact+larrykuchenreuther@sdo.mygbiz.com,(446) 555-0100,(446) 555-0199,(446) 310-9854,(446) 555-0188,6/3/87,Sales,,,1963 Border Ave,Los Angeles,CA,90501,United States
0036g00002eFaYsAAK,,Bruce,Watkins,Chairman of the Board Chief Executive Officer,contact+brucewatkins@sdo.mygbiz.com,(631) 555-0100,(631) 555-0199,,(631) 555-0188,5/18/78,,,,,,,,United States
0036g00002eFaYtAAK,,Robert,Janzen,EVP Business Development,contact+janzen@sdo.mygbiz.com,(858) 555-0100,(858) 555-0199,,(858) 555-0188,2/11/39,,,,,Sedgwick,,,United States
0036g00002eFaYvAAK,,Peter,Houston,EVP Business Development,contact+phouston@sdo.mygbiz.com,(415) 555-0100,(415) 555-0199,,(415) 555-0188,8/29/70,,,,2230 W 63rd St,Cook,IL,60636,United States
0036g00002eFaXbAAK,Mrs.,Stephanie,Curran,EVP Business Development,contact+stephaniecurran@sdo.mygbiz.com,(690) 555-0100,(690) 555-0199,(690) 904-7602,(690) 555-0188,6/4/64,Business Development,,,178 San Jose Ave,Santa Clara,CA,95125,United States
0036g00002eFaXcAAK,Mr.,Mark,Kingston*,Project Manager,mk@mailinator.com,(769) 555-0197,(769) 555-0182,(783) 383-8412,,8/28/76,Marketing,,,2725 Quarry Rd,Montgomery,Pennsylvania,19009,United States
0036g00002eFaY4AAK,Mr.,Bjoran,Nabozney,Sales Exec,contact+bjorannabozney@sdo.mygbiz.com,(373) 555-0100,(373) 555-0199,(373) 391-5243,(373) 555-0188,11/1/84,Sales,,,6039 E Northwest Hwy,Dallas,TX,75225,United States
0036g00002eFaY7AAK,,Benjamin,Young,EVP Business Development,benji@imsoyoung.com,(713) 555-0100,(713) 555-0199,,(713) 555-0188,2/14/39,,,,,Sedgwick,,,United States
0036g00002eFaY8AAK,,Marc,Benioff,Chief Executive Officer and Chairman,contact+marc.benioff@sdo.mygbiz.com,+1.415.901.7008,(655) 555-0181,,(674) 555-0145,3/9/56,,,,,,,,United States
0036g00002eFaYAAA0,,Bree,Reitz,Head of Partner Relations,contact+breereitz@sdo.mygbiz.com,(453) 555-0100,(453) 555-0199,,(453) 555-0188,8/15/59,,,,,,,,United States
0036g00002eFaYBAA0,Mr.,Mark,Dillon,Head of Partner Relations,contact+markdillon@sdo.mygbiz.com,(765) 555-0100,(765) 555-0199,(765) 837-0389,(765) 555-0188,2/28/78,Sales,,,2485 Pershing Dr,San Diego,CA,92101,United States
0036g00002eFaYEAA0,Mr.,Ed,Hennessy,Owner,contact+edhennessy@sdo.mygbiz.com,(699) 555-0100,(699) 555-0199,(699) 376-4729,(699) 555-0188,8/27/70,C-Level,,,2056 Laurel Ave,Jefferson,TX,77701,United States
0036g00002eFaYFAA0,,Nicole,Grace,EVP Business Development,contact+grace@sdo.mygbiz.com,(203) 555-0100,(203) 555-0199,,(203) 555-0188,2/15/39,,,,,Sedgwick,,,United States
0036g00002eFaYGAA0,,Chip,Colli,EVP Business Development,contact+colli@sdo.mygbiz.com,(206) 555-0100,(206) 555-0199,,(206) 555-0188,2/10/39,,,,,Sedgwick,,,United States
0036g00002eFaYIAA0,Ms.,Joyce,Turner,Channel Manager,contact+jturner@sdo.mygbiz.com,(794) 555-0100,(794) 555-0199,,(794) 555-0188,11/2/84,,,,,,,,United States
0036g00002eFaYJAA0,Ms.,Erin,Walsh,EVP Business Development,contact+erinwalsh@sdo.mygbiz.com,(925) 555-0100,(925) 555-0199,(925) 777-1617,(925) 555-0188,5/11/28,Business Development,,,5628 SE Alder St,Multnomah,OR,97215,United States
0036g00002eFaYRAA0,Ms.,Stella,Pavlova,SVP Production,contact+stellapavlova@sdo.mygbiz.com,(842) 555-0100,(842) 555-0199,(842) 216-6743,(842) 555-0188,7/5/85,Operations,,,2485 Pershing Dr,San Diego,CA,92101,United States
0036g00002eFaYTAA0,Mr.,Brad,Owens,EVP Business Development,contact+bradowens@sdo.mygbiz.com,(544) 555-0100,(544) 555-0199,(544) 346-9480,(544) 555-0188,10/1/75,Business Development,,,310 Henry St,New York,NY,10002,United States
0036g00002eFaYVAA0,,Sean,Silver,,ssilver@mailinator.com,(792) 555-0197,(792) 555-0182,,,2/18/39,,,,,Sedgwick,,,United States
0036g00002eFaYXAA0,Mr.,George,Mazzotta,Chief Financial Officer,contact+georgemazzotta@sdo.mygbiz.com,(520) 555-0100,(520) 555-0199,(520) 310-5725,(520) 555-0188,7/20/78,C-Level,,,3418 Poplar Ave,Shelby,TN,38111,United States
0036g00002eFaYYAA0,Mr.,Chris,Post,Super Genius,larrysmackypants@sdo.mygbiz.com,,,,,2/22/39,,,,,Sedgwick,,,United States
0036g00002eFauKAAS,,Emilee,Kendra,,emilee.kendra@fakeemail.com,,,,,2/3/39,,,,,Sedgwick,,,United States
0036g00002eFauMAAS,,Niki,Sullivan,EVP Business Development,contact+sullivan@sdo.mygbiz.com,(702) 555-0100,(702) 555-0199,,(702) 555-0188,2/9/39,,,,,Sedgwick,,,United States
0036g00002eFauQAAS,,Lloyd,Archibald,SVP Marketing,contact+lloydarchibald@sdo.mygbiz.com,(801) 555-0100,(801) 555-0199,,(801) 555-0188,2/26/42,,,,,,,,United States
0036g00002eFauTAAS,,Shay,Dulaney,Sales Exec,contact+shaydulaney@sdo.mygbiz.com,(686) 555-0100,(686) 555-0199,,(686) 555-0188,8/28/26,,,,,,,,United States
0036g00002eFauUAAS,,Jamie,Preston,,jpreston@mailinator.com,(537) 555-0197,(537) 555-0182,,,2/16/39,,,,,Sedgwick,,,United States
0036g00002eFauVAAS,Mr.,Michael,Basch,SVP Procurement,contact+michaelbasch@sdo.mygbiz.com,(753) 555-0100,(753) 555-0199,(753) 261-6567,(753) 555-0188,7/10/57,Operations,,,4191 Tamarus St,Clark,NV,89119,United States
0036g00002eFauWAAS,Ms.,Danielle,Hauck,Sales Manager,contact+daniellehauck@sdo.mygbiz.com,(219) 555-0100,(219) 555-0199,(219) 777-9950,(219) 555-0188,1/19/70,Sales,,,3418 Poplar Ave,Shelby,TN,38111,United States
0036g00002eFauXAAS,Mr.,Richard H,Lloyd,Manager Sales Exec Finance Exec,contact+richardhlloyd@sdo.mygbiz.com,(632) 555-0100,(632) 555-0199,(632) 877-7665,(632) 555-0188,2/3/35,Sales,,,3452 Voltaire St,San Diego,CA,92106,United States
0036g00002eFauYAAS,,Marci,Viviano,CFO,contact+marciviviano@sdo.mygbiz.com,(270) 555-0100,(270) 555-0199,,(270) 555-0188,4/18/46,,,,,,,,United States
0036g00002eFatLAAS,,Lauren,Boyle*,"SVP, Technology",lauren.boyle@mailinator.com,(276) 555-0197,(276) 555-0182,(528) 490-8868,(276) 555-0144,7/15/67,,,,2725 Quarry Rd,Montgomery,Pennsylvania,19009,United States
0036g00002eFatPAAS,Mr.,James,Davie*,VP of Sales,jd@mailinator.com,(274) 555-0197,(274) 555-0182,(475) 416-6352,,8/27/26,Operations,,,2725 Quarry Rd,Montgomery,Pennsylvania,19009,United States
0036g00002eFauAAAS,Mr.,Tom,James,SVP Production,contact+tomjames@sdo.mygbiz.com,(932) 555-0100,(932) 555-0199,(932) 840-6320,(932) 555-0188,1/21/44,Operations,,,4191 Tamarus St,Clark,NV,89119,United States
0036g00002eFauCAAS,Ms.,Janice,Bergman,VP Purchasing,contact+janicebergman@sdo.mygbiz.com,(810) 555-0100,(810) 555-0199,(810) 606-5717,(810) 555-0188,9/6/38,Operations,,,310 Henry St,New York,NY,10002,United States
0036g00002eFauDAAS,Mr.,Alex,Johnson,VP Consulting,adog@sdo.mygbiz.com,(526) 555-0100,(526) 555-0199,(526) 454-5553,(526) 555-0188,10/6/34,Consulting,,,4191 Tamarus St,Clark,NV,89119,United States
0036g00002eFauEAAS,Mr.,Billy,Mack,Lawyer,contact+billymack@sdo.mygbiz.com,(206) 555-0100,(206) 555-0199,(206) 775-7013,(206) 555-0188,8/26/82,Legal,,,310 Henry St,New York,NY,10002,United States
0036g00002eFauFAAS,,Jon,Allegri,EVP Business Development,contact+allegri@sdo.mygbiz.com,(813) 555-0100,(813) 555-0199,,(813) 555-0188,2/5/39,,,,,Sedgwick,,,United States
0036g00002eFauGAAS,,Cristin,Hwang,EVP Business Development,contact+cristinhwang@sdo.mygbiz.com,(806) 555-0100,(806) 555-0199,,(806) 555-0188,7/2/52,,,,,,,,United States
0036g00002eFatnAAC,Mr.,Derek,Rose,EVP Business Development,contact+derekrose@sdo.mygbiz.com,(575) 555-0100,(575) 555-0199,(575) 289-1239,(575) 555-0188,5/17/78,Business Development,,,6805 15th Ave NW,King,WA,98117,United States
0036g00002eFatpAAC,Ms.,Patricia,Feager,CEO,contact+patriciafeager@sdo.mygbiz.com,(423) 555-0100,(423) 555-0199,(423) 806-1447,(423) 555-0188,2/13/41,C-Level,,,3418 Poplar Ave,Shelby,TN,38111,United States
0036g00002eFatqAAC,Mr.,Martin,Green,Senior Vice President-Operations,contact+martingreen@sdo.mygbiz.com,(280) 555-0100,(280) 555-0199,(280) 615-1908,(280) 555-0188,3/1/67,Operations,,,16909 SE Alder St,Multnomah,OR,97233,United States
0036g00002eFatsAAC,Mr.,Richard,O'Brien Jr,Chairman of the Board Chief Executive Officer,contact+richardobrienjr@sdo.mygbiz.com,(726) 555-0100,(726) 555-0199,(726) 908-6641,(726) 555-0188,4/17/46,C-Level,,,16909 SE Alder St,Multnomah,OR,97233,United States
0036g00002eFattAAC,Mr.,Thomas,Simes,CEO,contact+thomassimes@sdo.mygbiz.com,(519) 555-0100,(519) 555-0199,(519) 711-0515,(519) 555-0188,2/12/58,C-Level,,,4191 Tamarus St,Clark,NV,89119,United States
0036g00002eFatvAAC,Mr.,Adam,Mercer,Sales Engineer,amercer@superemail.com,(794) 555-0100,(794) 555-0199,,(794) 555-0188,11/3/84,,,,500 Boylston,Boston,MA,1220,United States
0036g00002eFaubAAC,Mr.,Joseph,Gillespie,Chief Marketing Officer,contact+josephgillespie@sdo.mygbiz.com,(323) 555-0100,(323) 555-0199,(323) 511-7911,(323) 555-0188,11/8/54,C-Level,,,16909 SE Alder St,Multnomah,OR,97233,United States
0036g00002eFaucAAC,,Kari,Rende,EVP Business Development,contact+rende@sdo.mygbiz.com,(630) 555-0100,(630) 555-0199,,(630) 555-0188,2/8/39,,,,,Sedgwick,,,United States
0036g00002eFaudAAC,Ms.,Sienna,Competente,VP Consulting,contact+siennacompetente@sdo.mygbiz.com,(672) 555-0100,(672) 555-0199,(672) 989-3984,(672) 555-0188,7/15/81,Consulting,,,1419 Commerce Rd,Richmond (city),VA,23224,United States
0036g00002eFaueAAC,Mr.,Robert,Fontana,CEO,contact+robertfontana@sdo.mygbiz.com,(226) 555-0100,(226) 555-0199,(226) 936-3140,(226) 555-0188,7/22/70,C-Level,,,16909 SE Alder St,Multnomah,OR,97233,United States
0036g00002eFatzAAC,Ms.,Julie,Dillon,Spouse,contact+juliedillon@sdo.mygbiz.com,(533) 555-0100,(533) 555-0199,(533) 862-4439,(533) 555-0188,10/12/66,N/A,,,310 Henry St,New York,NY,10002,United States
0036g00002eFau2AAC,Mr.,Woodson,Martin,VP of Salesforce Product Management,contact+woodsonmartin@sdo.mygbiz.com,(750) 555-0100,(750) 555-0199,(750) 289-2987,(750) 555-0188,1/6/47,Development,,,16909 SE Alder St,Multnomah,OR,97233,United States
0036g00002eFau3AAC,,Antony,Passemard,Super Genius,antony@itsafakeemail.com,,,,,2/2/39,,,,,Sedgwick,,,United States
0036g00002eFau7AAC,,Hamid,Basirat,SVP Marketing,contact+hamidbasirat@sdo.mygbiz.com,(875) 555-0100,(875) 555-0199,,(875) 555-0188,6/27/76,,,,,,,,United States
0036g00002eFaufAAC,Mr.,Chris,Friedman,Type Setter,contact+chrisfriedman@sdo.mygbiz.com,(227) 555-0100,(227) 555-0199,(227) 717-1859,(227) 555-0188,8/24/72,Operations,,,3418 Poplar Ave,Shelby,TN,38111,United States
0036g00002eFaukAAC,,Tammy,Baxter,EVP Business Development,contact+tbaxter@sdo.mygbiz.com,(415) 555-0100,(415) 555-0199,,(415) 555-0188,11/24/31,,,,850 Mission St,San Francisco,CA,94103,United States
0036g00002eFatYAAS,Mr.,Sean,Murphy,SVP Marketing,contact+seanmurphy@sdo.mygbiz.com,(576) 555-0100,(576) 555-0199,(576) 275-7558,(576) 555-0188,5/13/46,Marketing,,,178 San Jose Ave,Santa Clara,CA,95125,United States
0036g00002eFatbAAC,,Larry,Baxter,,,(310) 555-0100,(310) 555-0100,,,,,,,,,,,United States
0036g00002eFatcAAC,,Wes,Chopra,Manager Information Technology,wes.chopra@greendotmedia.com,(847) 402-1753,,,(310) 555-0191,4/18/45,,,,,Sedgwick,,,United States
0036g00002eFatfAAC,Mr.,Jeff,Blay,VP Sales,contact+jeffblay@sdo.mygbiz.com,(487) 555-0100,(487) 555-0199,(487) 756-1793,(487) 555-0188,9/6/29,Sales,,,1678 50th Ave,Alameda,CA,94601,United States
0036g00002eFatkAAC,Mrs.,Sarah,Jeffries,SVP Marketing,contact+sarahjeffries@sdo.mygbiz.com,(296) 555-0100,(296) 555-0199,(296) 276-9024,(296) 555-0188,6/11/75,Marketing,,,5815 Fairview Pl N,King,WA,98109,United States
0036g00002eFauIAAS,Ms.,Sandy,Knudson,Sales Exec,contact+sandyknudson@sdo.mygbiz.com,(624) 555-0100,(624) 555-0199,(624) 865-7797,(624) 555-0188,3/15/79,Sales,,,17753 Gothard St,Orange,CA,92647,United States
0036g00002gRBqGAAW,Mr.,Tim,Miles,Technical Architect,tdog@supergbiz.com,(978) 555-1212,,(617) 555-1212,(978) 555-2121,7/21/66,Sales,,,6039 E Meridian,Indianapolis,IN,46387,United States
0036g00002eFaXhAAK,Mr.,Jeff,Kane,Director-Accounting,contact+jeffkane@sdo.mygbiz.com,(385) 555-0100,(385) 555-0199,(385) 218-7039,(385) 555-0188,12/6/51,Finance,,,178 San Jose Ave,Santa Clara,CA,95125,United States
0036g00002eFaXiAAK,Mr.,Steve,Mcdonald,Chief Information Officer,contact+stevemcdonald@sdo.mygbiz.com,(631) 555-0100,(631) 555-0199,(631) 570-1324,(631) 555-0188,12/10/52,C-Level,,,178 San Jose Ave,Santa Clara,CA,95125,United States
0036g00002eFaXkAAK,Ms.,Kathy,Fitzpatrick,Director-Human Resources,contact+kathyfitzpatrick@sdo.mygbiz.com,(231) 555-0100,(231) 555-0199,(231) 277-8689,(231) 555-0188,11/23/31,HR,,,178 San Jose Ave,Santa Clara,CA,95125,United States
0036g00002eFaXlAAK,Mr.,Keith,Lopez,Marketing Manager,contact+keithlopez@sdo.mygbiz.com,(528) 555-0100,(528) 555-0199,(528) 389-6767,(528) 555-0188,9/26/46,Marketing,,,178 San Jose Ave,Santa Clara,CA,95125,United States
0036g00002eFaXnAAK,,Jason,Brennaman,Information Technology,jason.brennaman@greendotmedia.com,(847) 402-1754,,,(310) 555-0192,2/21/39,,,,,Sedgwick,,,United States
0036g00002eFaXoAAK,Ms.,Lisa,Jones,VP Operations,contact+lisajones@sdo.mygbiz.com,(904) 555-0100,(904) 555-0199,(904) 300-7149,(904) 555-0188,6/28/57,Operations,,,47 S Galapago St,Denver,CO,80223,United States
0036g00002eFaXqAAK,Ms.,Susan,Johanson,VP of Operations,contact+susanjohanson@sdo.mygbiz.com,(390) 555-0100,(390) 555-0199,(390) 677-7847,(390) 555-0188,4/3/40,Operations,,,2485 Pershing Dr,San Diego,CA,92101,United States
0036g00002eFaXsAAK,Mr.,Tom,Davis,EVP Business Development,contact+tomdavis@sdo.mygbiz.com,(643) 555-0100,(643) 555-0199,(643) 788-2366,(643) 555-0188,9/27/46,Business Development,,,309 8th Ave,Santa Cruz,CA,95062,United States
0036g00002eFaXtAAK,Mr.,Ryan,Giggs,VP Consulting,contact+ryangiggs@sdo.mygbiz.com,(266) 555-0100,(266) 555-0199,(266) 353-8304,(266) 555-0188,8/25/70,Consulting,,,405 S Stricker St,Baltimore (city),MD,21223,United States
0036g00002eFaXvAAK,Mrs.,Rachel,Morris,SVP Marketing,contact+rachelmorris@sdo.mygbiz.com,(611) 555-0100,(611) 555-0199,(611) 591-6298,(611) 555-0188,8/25/59,Marketing,,,4090 Utah St,San Diego,CA,92104,United States
0036g00002eFaXyAAK,Mr.,Arthur,Song,CEO,arthursong@sdo.mygbiz.com,(772) 555-0100,(772) 555-0199,(772) 504-0721,(772) 555-0188,8/14/49,C-Level,,,3418 Poplar Ave,Shelby,TN,38111,United States